sample_id	treatment	genotype	treatment_genotype
ctrl_wt_rep1	control	wt	control_wt
ctrl_wt_rep2	control	wt	control_wt
ctrl_wt_rep3	control	wt	control_wt
ctrl_mut_rep1	control	mutant	control_mutant
ctrl_mut_rep2	control	mutant	control_mutant
ctrl_mut_rep3	control	mutant	control_mutant
treat_wt_rep1	treated	wt	treated_wt
treat_wt_rep2	treated	wt	treated_wt
treat_wt_rep3	treated	wt	treated_wt
treat_mut_rep1	treated	mutant	treated_mutant
treat_mut_rep2	treated	mutant	treated_mutant
treat_mut_rep3	treated	mutant	treated_mutant
